name,phone
Cary,(580) 476-8517
Catarina,(237) 608-2757
Catherin,(876) 215-3666
Cathi,(538) 647-2566
Cathrine,(364) 950-2365
Catie,(936) 255-9180
Catrina,(788) 918-1093
Celestina,(854) 854-1208
Celestine,(809) 665-3719
Celinka,(436) 338-7689
Deena,(552) 896-4553
Delcine,(208) 235-5579
Delia,(300) 773-1226
Delilah,(847) 374-5149
Della,(323) 885-3550
Delora,(305) 354-3151
Dena,(240) 462-3541
Denice,(598) 685-7791
Denise,(591) 844-5797
Denny,(862) 960-4803
Denys,(480) 430-9355
Denyse,(975) 292-3674
Desdemona,(942) 452-3530
Desirae,(212) 404-2276
Devin,(630) 745-3165
Devinne,(495) 943-5044
Devon,(466) 587-7659
Devonna,(757) 478-0426
Devonne,(745) 887-9912
Dian,(233) 555-4075
Diana,(751) 294-7600
Dinah,(550) 547-4594
Dinnie,(343) 256-4377
Dita,(605) 323-3871
Dniren,(778) 455-7818
Dolli,(276) 494-4401
Dolores,(867) 635-1274
Domeniga,(651) 469-9048
Dominga,(406) 357-9822
Domini,(218) 247-3513
Dominique,(308) 468-3182
Donelle,(490) 673-9204
Donia,(530) 877-6994
Donni,(480) 707-9451
Donnie,(720) 228-0374
Dora,(450) 602-2959
Dorena,(672) 798-6242
Doria,(759) 958-2151
Eilis,(700) 637-2675
Eimile,(729) 929-1652
Eirena,(433) 770-9216
Elane,(647) 902-1388
Elayne,(916) 918-4453
Eleanore,(934) 529-4429
Eleen,(577) 890-2452
Elene,(725) 974-2809
Eleni,(490) 426-4839
Eleonore,(595) 353-1809
Elfreda,(889) 662-6210
Elga,(472) 706-5565
Elianore,(884) 859-1538
Elie,(988) 467-2936
Elisa,(470) 901-3665
Elisabet,(630) 261-2836
Eliza,(759) 929-1793
Elizabeth,(776) 328-8550
Elke,(595) 788-6584
Ella,(916) 714-7195
Elle,(714) 727-7883
Ellene,(932) 318-3771
Ellette,(495) 348-4958
Ellie,(719) 364-0233
Elly,(532) 469-4347
Elna,(363) 826-3158
Eloise,(908) 870-2878
Flora,(312) 208-6346
Florella,(962) 672-9291
Florence,(991) 863-5606
Flori,(801) 227-2935
Florida,(511) 839-5127
Florie,(645) 304-1328
Florina,(242) 377-5885
Florri,(809) 982-7373
Flory,(548) 627-8613
Flossi,(231) 316-7856
Flss,(214) 295-6614
Francine,(848) 826-5542
Francisca,(575) 292-9883
Franciska,(426) 743-2916
Francyne,(222) 907-8710
Franky,(881) 220-4869
Frayda,(518) 748-1194
Fred,(356) 306-4057
Freda,(698) 730-3603
Fredericka,(791) 399-9364
Fredrika,(717) 229-6864
Frieda,(569) 448-3237
Fulvia,(925) 433-6444
Gabbey,(752) 842-1231
Gabey,(743) 412-2794
Gabi,(955) 478-7179
Gabrielle,(711) 782-0088
Holly-Anne,(802) 983-9126
Hyacinth,(280) 536-5417
Ianthe,(977) 924-9697
Idalia,(643) 214-4600
Idelle,(379) 898-7809
Ileane,(674) 863-9743
Ilka,(347) 770-8122
Ilsa,(339) 370-4642
Ilse,(913) 412-0173
Ilyssa,(787) 419-1233
Imelda,(485) 544-9877
Ina,(797) 628-3698
Inessa,(892) 975-6114
Inga,(339) 890-3222
Ingaberg,(650) 903-6947
Inge,(954) 907-3382
Inger,(293) 552-3989
Iolanthe,(817) 910-4634
Irina,(978) 221-6134
Isabelle,(822) 694-9423
Isahella,(580) 848-9686
Issie,(589) 771-5713
Issy,(877) 793-8213
Ivett,(441) 582-9160
Ivette,(606) 674-3658
Ivy,(450) 822-9827
